2015-11-04T00:00:00-05:00, 2015-11-09T00:00:00-05:00
2015-06-02T00:00:00-05:00, 2015-06-02T00:00:00-05:00
2015-10-05T00:00:00-05:00, 2015-10-07T00:00:00-05:00
2015-05-29T00:00:00-05:00, 2015-05-29T00:00:00-05:00
2015-05-29T00:00:00-05:00, 2015-05-29T00:00:00-05:00
2015-12-16T00:00:00-05:00, 2015-12-31T00:00:00-05:00
2015-10-20T00:00:00-05:00, 2015-10-20T00:00:00-05:00
2015-11-05T00:00:00-05:00, 2015-11-05T00:00:00-05:00
2015-10-06T00:00:00-05:00, 2015-10-06T00:00:00-05:00
2015-11-04T00:00:00-05:00, 2015-11-12T00:00:00-05:00
2015-11-04T00:00:00-05:00, 2015-11-05T00:00:00-05:00
2015-11-12T00:00:00-05:00, 2015-11-12T00:00:00-05:00
2015-10-19T00:00:00-05:00, 2015-10-19T00:00:00-05:00
2015-10-19T00:00:00-05:00, 2015-10-19T00:00:00-05:00
2015-12-28T00:00:00-05:00, 2015-12-28T00:00:00-05:00
